id,name,age,score,department,salary,active_date
1,User1,30,97.84,Engineering,102334,2024-12-10
2,User2,62,95.77,Engineering,50361,2025-02-15
3,User3,44,85.41,Engineering,53646,2025-04-28
4,User4,60,86.79,Sales,94256,2024-12-19
5,User5,51,86.72,HR,82901,2024-10-13
6,User6,64,82.75,Marketing,104481,2024-11-27
7,User7,61,75.34,HR,44262,2025-06-26
8,User8,58,60.1,Marketing,66018,2025-02-24
9,User9,28,80.41,HR,109562,2024-10-17
10,User10,50,64.35,Marketing,71543,2025-06-20
11,User11,59,72.2,HR,118700,2025-01-03
12,User12,44,81.99,HR,71448,2024-10-05
13,User13,37,92.24,Marketing,89202,2025-08-30
14,User14,23,78.05,Sales,64680,2025-05-18
15,User15,36,65.2,HR,110107,2025-06-13
16,User16,49,97.8,Sales,119179,2025-07-21
17,User17,40,80.78,HR,83260,2025-05-24
18,User18,20,60.69,HR,48226,2025-05-01
19,User19,47,80.2,HR,67422,2025-07-14
20,User20,33,62.55,Marketing,94018,2024-11-17
21,User21,27,78.17,Engineering,65676,2024-10-30
22,User22,57,64.88,Engineering,53714,2024-10-02
23,User23,43,66.34,Marketing,40055,2025-03-18
24,User24,52,72.9,Marketing,68307,2025-05-17
25,User25,31,98.32,HR,93670,2025-06-28
26,User26,38,96.27,Sales,74796,2024-12-24
27,User27,45,93.64,Marketing,63450,2024-11-23
28,User28,63,89.69,Marketing,108536,2025-05-23
29,User29,47,90.63,Marketing,107231,2025-03-10
30,User30,36,82.62,Engineering,119427,2025-01-13
31,User31,58,84.89,Sales,59278,2025-08-04
32,User32,24,62.74,Marketing,72220,2025-02-03
33,User33,46,65.97,Sales,104914,2025-05-10
34,User34,64,64.24,Marketing,42923,2024-10-15
35,User35,36,99.9,Marketing,94714,2025-05-29
36,User36,36,93.17,Sales,72653,2025-04-30
37,User37,47,73.18,Engineering,108631,2025-08-06
38,User38,53,68.56,Engineering,116152,2024-12-18
39,User39,30,89.81,Engineering,88474,2025-09-07
40,User40,64,79.94,Marketing,58691,2024-10-29
41,User41,40,74.94,HR,102975,2025-02-06
42,User42,23,81.81,HR,48843,2025-08-04
43,User43,24,80.03,HR,94336,2025-03-31
44,User44,35,83.34,Marketing,60607,2024-11-19
45,User45,24,80.03,HR,54678,2025-07-10
46,User46,22,66.5,Engineering,44383,2024-10-05
47,User47,61,78.66,Marketing,68922,2024-11-03
48,User48,41,80.3,Engineering,53458,2024-10-16
49,User49,30,69.27,HR,105597,2025-08-10
50,User50,61,91.07,HR,102470,2024-11-20
51,User51,35,78.75,Sales,89033,2024-11-26
52,User52,55,73.19,Sales,62926,2025-02-08
53,User53,55,81.7,Marketing,49834,2024-11-19
54,User54,47,64.39,HR,91895,2025-08-26
55,User55,46,95.24,Marketing,105219,2025-03-20
56,User56,43,93.35,Sales,94719,2025-01-19
57,User57,41,68.16,HR,71779,2024-11-01
58,User58,36,78.19,HR,89430,2024-10-08
59,User59,20,86.54,HR,51807,2025-06-24
60,User60,40,91.58,HR,99177,2025-06-25
61,User61,63,91.78,Engineering,74953,2025-03-26
62,User62,31,89.38,HR,60918,2025-04-13
63,User63,48,60.95,HR,97798,2024-12-12
64,User64,41,98.68,Engineering,59381,2025-01-24
65,User65,35,83.62,Engineering,43967,2025-01-25
66,User66,51,62.44,Engineering,83651,2025-02-15
67,User67,48,71.77,Marketing,107427,2025-08-18
68,User68,54,87.53,Engineering,68539,2025-05-06
69,User69,58,92.2,Engineering,109907,2025-04-06
70,User70,30,99.33,HR,49739,2025-07-27
71,User71,24,95.5,Engineering,63531,2024-10-17
72,User72,60,91.38,HR,92302,2025-07-19
73,User73,61,87.03,HR,94159,2025-08-01
74,User74,52,83.27,Engineering,100352,2025-07-24
75,User75,45,96.39,Marketing,48697,2025-01-21
76,User76,39,97.17,HR,83664,2025-05-18
77,User77,35,85.82,Marketing,64540,2025-05-27
78,User78,31,82.09,Sales,81188,2025-01-01
79,User79,65,94.28,Sales,59825,2025-07-16
80,User80,57,77.68,HR,100977,2025-07-27
81,User81,53,67.63,Marketing,89326,2025-03-07
82,User82,29,62.53,Marketing,73115,2024-11-09
83,User83,35,70.37,HR,108990,2025-04-27
84,User84,39,80.01,Sales,80038,2025-02-01
85,User85,59,97.04,HR,40621,2025-07-19
86,User86,56,70.2,HR,60968,2025-07-06
87,User87,46,92.41,Engineering,96101,2025-05-16
88,User88,62,90.19,Engineering,105225,2025-08-20
89,User89,22,71.8,Marketing,69777,2025-07-26
90,User90,43,87.35,Marketing,93453,2025-01-24
91,User91,45,64.71,HR,83661,2024-09-30
92,User92,36,96.16,Engineering,106184,2025-02-15
93,User93,64,84.56,Marketing,55822,2025-03-01
94,User94,54,66.6,Marketing,71846,2025-08-02
95,User95,50,77.16,Sales,56704,2025-09-12
96,User96,28,65.25,Engineering,68372,2025-01-16
97,User97,54,98.88,Marketing,116010,2025-06-05
98,User98,61,84.62,Engineering,90352,2025-07-01
99,User99,30,70.39,Engineering,80308,2025-07-10
100,User100,27,85.1,HR,40271,2024-10-22
101,User101,41,87.6,Sales,45729,2024-11-30
102,User102,42,67.44,HR,107949,2025-01-07
103,User103,31,87.89,Engineering,88445,2025-03-07
104,User104,31,91.62,Sales,94101,2024-10-25
105,User105,43,75.17,Marketing,111843,2024-11-01
106,User106,27,77.01,Sales,56816,2025-01-14
107,User107,61,79.37,HR,118490,2025-09-14
108,User108,20,90.49,Sales,116711,2025-05-09
109,User109,62,68.29,Marketing,51826,2025-06-25
110,User110,33,90.57,Marketing,76692,2025-06-15
111,User111,43,68.4,Engineering,89189,2024-10-28
112,User112,64,70.08,Sales,77312,2025-02-08
113,User113,44,79.25,Sales,89425,2025-01-15
114,User114,38,85.72,Engineering,69794,2024-10-30
115,User115,38,74.66,Marketing,59306,2025-09-03
116,User116,34,99.2,Engineering,97377,2024-10-28
117,User117,45,71.83,Engineering,65813,2024-10-31
118,User118,43,93.47,Sales,85095,2025-01-06
119,User119,51,84.53,Sales,104066,2025-07-28
120,User120,32,61.35,Sales,54729,2024-10-29
121,User121,56,98.92,Marketing,60831,2024-12-05
122,User122,65,92.9,HR,76581,2024-11-28
123,User123,35,74.55,Marketing,115626,2025-06-09
124,User124,49,85.34,HR,50596,2025-03-05
125,User125,44,96.02,Marketing,42578,2025-01-09
126,User126,34,66.24,Sales,94721,2024-10-11
127,User127,49,75.06,HR,64778,2025-03-03
128,User128,56,73.91,Engineering,89110,2025-03-31
129,User129,38,72.07,Sales,116570,2025-05-05
130,User130,57,93.39,Marketing,85026,2024-12-13
131,User131,38,99.13,Marketing,77307,2025-02-06
132,User132,55,64.84,Sales,118298,2025-05-22
133,User133,50,85.95,Sales,77618,2025-07-05
134,User134,24,81.82,Engineering,99786,2024-10-11
135,User135,36,84.63,Marketing,91938,2025-05-06
136,User136,43,78.35,Marketing,85333,2024-11-23
137,User137,33,74.96,Sales,75757,2024-10-04
138,User138,39,99.77,HR,79361,2025-04-19
139,User139,65,67.43,Engineering,46498,2025-06-08
140,User140,40,89.96,Sales,40883,2024-12-13
141,User141,52,79.94,Sales,113048,2025-08-08
142,User142,37,80.86,Sales,76606,2024-11-21
143,User143,29,92.41,Sales,51751,2024-11-20
144,User144,47,68.79,HR,85784,2025-03-08
145,User145,53,74.82,Marketing,67048,2025-03-25
146,User146,39,64.74,Engineering,61660,2025-02-03
147,User147,21,73.77,HR,69687,2025-03-14
148,User148,59,78.26,Sales,96987,2025-02-10
149,User149,25,77.68,Sales,115785,2024-09-30
150,User150,25,86.23,Marketing,105451,2025-02-03
151,User151,26,66.59,Engineering,111321,2025-09-06
152,User152,27,85.78,Sales,64478,2025-05-01
153,User153,27,60.61,Sales,55662,2025-02-14
154,User154,22,81.99,Engineering,74092,2025-08-30
155,User155,36,97.19,Engineering,53728,2024-10-24
156,User156,39,74.13,Sales,55164,2025-04-18
157,User157,56,91.95,HR,99517,2025-03-27
158,User158,33,64.25,HR,50183,2025-03-15
159,User159,42,67.22,HR,109255,2024-11-16
160,User160,35,98.75,Engineering,84349,2024-12-14
161,User161,50,60.2,Sales,82860,2025-08-13
162,User162,42,69.25,Sales,95734,2025-04-26
163,User163,52,71.85,HR,48550,2025-02-24
164,User164,58,98.81,Sales,110931,2024-12-07
165,User165,44,95.34,Engineering,83203,2024-12-14
166,User166,61,98.92,Marketing,65062,2024-12-19
167,User167,62,69.8,Marketing,41570,2025-08-19
168,User168,57,61.99,HR,110621,2025-07-17
169,User169,48,61.22,Engineering,103906,2025-09-27
170,User170,45,87.88,Marketing,85436,2025-04-13
171,User171,47,96.3,HR,102334,2024-12-12
172,User172,46,75.39,Engineering,87728,2025-07-10
173,User173,47,92.02,HR,76165,2024-11-13
174,User174,43,91.48,Marketing,108435,2025-01-21
175,User175,61,78.76,Engineering,77764,2025-04-04
176,User176,40,85.03,Marketing,104070,2025-04-19
177,User177,45,74.87,Sales,96894,2024-12-28
178,User178,57,73.88,Marketing,41845,2025-08-12
179,User179,62,82.36,Sales,67337,2025-08-25
180,User180,54,62.39,Engineering,66834,2025-09-25
181,User181,54,76.37,Engineering,91750,2025-06-14
182,User182,30,66.48,Engineering,119218,2025-01-27
183,User183,62,94.34,HR,69205,2025-01-28
184,User184,22,74.79,Sales,67222,2025-06-09
185,User185,31,89.34,Sales,69083,2025-07-01
186,User186,47,92.94,HR,103645,2024-12-03
187,User187,34,83.97,Sales,92000,2025-05-19
188,User188,24,93.37,Sales,53361,2024-12-24
189,User189,38,91.54,Marketing,76354,2025-07-14
190,User190,65,94.26,Marketing,97573,2024-11-05
191,User191,38,68.55,HR,67135,2025-06-02
192,User192,63,70.01,Marketing,78859,2025-01-24
193,User193,44,87.3,Sales,101571,2025-04-04
194,User194,57,65.95,Marketing,47987,2025-03-13
195,User195,58,88.2,HR,108459,2025-04-05
196,User196,57,62.12,HR,98705,2025-09-28
197,User197,29,71.86,Sales,54051,2025-07-26
198,User198,31,81.3,Marketing,103852,2025-01-22
199,User199,63,96.82,Engineering,90178,2025-04-14
200,User200,62,64.23,HR,71367,2024-12-21
201,User201,38,70.97,Marketing,43247,2024-10-06
202,User202,48,63.96,Sales,96033,2025-07-21
203,User203,36,81.77,Marketing,118400,2024-10-28
204,User204,64,99.25,HR,105954,2025-08-13
205,User205,34,93.39,Marketing,118881,2025-03-22
206,User206,40,96.97,Engineering,67578,2024-10-01
207,User207,26,78.51,Sales,115476,2024-12-14
208,User208,41,74.72,Engineering,85454,2025-08-06
209,User209,46,96.49,Engineering,47510,2025-04-18
210,User210,59,76.89,HR,77192,2025-07-09
211,User211,56,95.27,Sales,85816,2024-12-03
212,User212,20,85.76,Engineering,44998,2025-02-16
213,User213,20,88.69,Sales,67367,2025-05-27
214,User214,21,65.13,Marketing,54808,2025-06-15
215,User215,58,79.8,Marketing,70084,2025-04-30
216,User216,25,85.94,Marketing,105288,2025-05-05
217,User217,52,63.02,Engineering,65035,2025-09-12
218,User218,35,87.4,Engineering,118566,2025-06-27
219,User219,33,64.41,Engineering,47459,2024-11-21
220,User220,63,69.62,Marketing,43679,2025-05-08
221,User221,48,61.89,Marketing,63964,2024-10-31
222,User222,48,88.32,Sales,77222,2025-05-28
223,User223,33,75.21,HR,59009,2025-03-11
224,User224,26,68.39,Engineering,98005,2025-02-24
225,User225,26,88.11,Sales,49508,2025-02-27
226,User226,20,92.05,HR,87214,2025-05-05
227,User227,30,79.37,Marketing,50103,2025-01-03
228,User228,41,83.75,Sales,86958,2025-03-16
229,User229,63,92.95,HR,61675,2025-04-12
230,User230,58,91.71,HR,91440,2025-04-07
231,User231,56,63.77,Marketing,110729,2025-03-31
232,User232,42,88.43,HR,85730,2025-06-19
233,User233,22,79.27,Sales,108415,2025-02-17
234,User234,44,61.45,Sales,50987,2024-10-31
235,User235,46,86.45,HR,65355,2024-12-27
236,User236,39,71.84,Engineering,44637,2025-09-02
237,User237,26,76.02,Engineering,65227,2025-05-03
238,User238,38,89.6,Engineering,114354,2025-01-06
239,User239,30,62.86,HR,106774,2024-10-28
240,User240,65,78.78,Marketing,76272,2024-12-09
241,User241,37,88.0,HR,95836,2024-12-13
242,User242,58,90.73,HR,102549,2024-11-25
243,User243,65,68.61,Sales,84727,2025-08-22
244,User244,33,63.67,HR,73702,2025-01-23
245,User245,57,97.51,Engineering,42523,2025-09-05
246,User246,54,64.94,Sales,100159,2024-12-26
247,User247,63,65.32,Engineering,51180,2024-11-29
248,User248,62,85.33,Engineering,70783,2025-03-09
249,User249,59,88.72,HR,103489,2025-05-02
250,User250,47,62.75,Engineering,90241,2024-11-24
251,User251,46,67.05,Engineering,78962,2024-10-16
252,User252,64,64.43,Engineering,77030,2025-08-30
253,User253,54,82.47,Sales,80354,2025-02-28
254,User254,42,88.54,HR,77812,2025-05-09
255,User255,27,67.72,Sales,98212,2025-02-04
256,User256,51,93.18,Sales,113337,2024-12-28
257,User257,48,94.7,Marketing,69360,2025-01-21
258,User258,26,90.89,Sales,53874,2025-08-03
259,User259,46,85.17,Marketing,115232,2025-01-22
260,User260,41,74.61,Sales,92488,2025-09-29
261,User261,37,63.18,HR,95607,2024-12-10
262,User262,51,62.76,Sales,85322,2025-01-22
263,User263,65,77.69,HR,73039,2024-11-29
264,User264,23,78.11,HR,115400,2025-03-24
265,User265,28,93.17,HR,60779,2025-04-12
266,User266,40,67.63,Marketing,58551,2024-11-03
267,User267,33,94.07,Marketing,67297,2024-10-23
268,User268,35,65.14,Sales,85757,2025-07-08
269,User269,36,65.13,Marketing,84194,2025-01-09
270,User270,56,79.91,Engineering,57877,2025-03-06
271,User271,44,81.06,HR,80927,2025-01-18
272,User272,65,66.67,Sales,85647,2024-11-16
273,User273,41,85.29,Sales,95719,2024-11-01
274,User274,40,71.62,Sales,72144,2024-12-20
275,User275,42,99.68,Sales,88596,2025-03-30
276,User276,27,94.28,Engineering,74105,2025-06-18
277,User277,53,86.34,Marketing,93189,2025-06-09
278,User278,58,94.18,HR,52906,2024-12-01
279,User279,44,99.09,Marketing,59529,2025-09-24
280,User280,40,93.27,Engineering,112013,2024-12-28
281,User281,63,77.66,Marketing,51220,2025-05-23
282,User282,35,74.86,Sales,104669,2024-10-21
283,User283,25,97.39,HR,57307,2025-08-16
284,User284,35,90.28,HR,101756,2025-06-12
285,User285,34,78.55,HR,101290,2025-02-12
286,User286,52,73.05,Sales,81601,2025-03-24
287,User287,35,74.94,Sales,65000,2025-02-12
288,User288,56,82.47,HR,85376,2024-12-28
289,User289,49,68.14,Marketing,63062,2025-05-23
290,User290,36,88.79,Sales,97305,2024-12-21
291,User291,26,91.61,Sales,112518,2025-08-21
292,User292,29,86.39,Sales,60341,2024-10-21
293,User293,38,82.69,HR,47184,2024-10-16
294,User294,65,98.44,Marketing,85363,2025-04-16
295,User295,38,72.8,Marketing,82554,2025-08-31
296,User296,53,99.66,Marketing,44999,2025-07-19
297,User297,26,91.81,Sales,69591,2024-10-15
298,User298,51,69.21,Engineering,57101,2025-03-13
299,User299,60,66.48,HR,49927,2025-04-26
300,User300,51,83.27,Sales,48617,2025-09-25
301,User301,35,85.15,HR,58738,2025-05-15
302,User302,59,61.78,Marketing,83413,2025-02-20
303,User303,39,60.34,Sales,48891,2025-01-28
304,User304,28,97.33,Marketing,57941,2024-10-02
305,User305,64,78.22,Engineering,61045,2025-06-29
306,User306,42,64.06,Engineering,90577,2025-01-05
307,User307,35,95.81,Sales,99138,2024-10-13
308,User308,53,73.16,HR,71783,2024-11-03
309,User309,63,60.08,HR,102153,2025-06-06
310,User310,31,85.75,Engineering,100526,2025-01-22
311,User311,39,82.59,HR,112321,2025-06-02
312,User312,32,80.6,Sales,93788,2025-09-19
313,User313,42,93.7,HR,113879,2024-10-03
314,User314,42,79.98,Sales,57307,2025-04-23
315,User315,41,88.08,Sales,47786,2025-08-20
316,User316,24,91.84,Engineering,43487,2024-11-14
317,User317,39,99.73,Sales,80793,2025-07-27
318,User318,38,78.48,HR,46940,2025-05-29
319,User319,62,80.44,Marketing,100405,2025-05-16
320,User320,56,83.17,HR,102488,2025-04-01
321,User321,40,83.17,Sales,58415,2024-10-26
322,User322,64,94.13,Sales,40896,2024-11-06
323,User323,40,69.46,Sales,49055,2025-02-22
324,User324,39,74.56,Engineering,86227,2024-10-20
325,User325,40,76.91,HR,57046,2025-06-13
326,User326,55,85.89,Marketing,46800,2025-01-15
327,User327,39,75.49,HR,76369,2025-06-17
328,User328,27,81.21,Marketing,100066,2025-05-01
329,User329,56,85.1,Engineering,99811,2024-09-30
330,User330,55,65.84,HR,90660,2025-07-09
331,User331,39,71.78,Engineering,80133,2025-05-21
332,User332,36,83.05,Engineering,56561,2025-08-10
333,User333,24,77.51,Engineering,106854,2025-01-17
334,User334,55,90.0,Marketing,79673,2025-04-28
335,User335,56,89.84,Marketing,61629,2025-03-20
336,User336,23,99.85,Marketing,70107,2025-01-03
337,User337,54,91.9,Marketing,111063,2024-12-10
338,User338,39,77.4,Marketing,107690,2025-03-06
339,User339,47,98.11,Marketing,46674,2024-10-30
340,User340,32,94.77,HR,97446,2025-02-06
341,User341,65,88.75,Sales,71333,2024-11-04
342,User342,25,62.02,Sales,102527,2024-10-07
343,User343,39,95.02,HR,43185,2025-05-10
344,User344,20,75.57,HR,80718,2024-10-16
345,User345,58,97.48,Engineering,114116,2025-08-30
346,User346,27,73.49,Engineering,55961,2025-05-22
347,User347,51,95.48,Sales,78443,2025-03-17
348,User348,63,71.89,Marketing,75485,2025-08-08
349,User349,57,76.33,HR,96275,2025-05-27
350,User350,26,85.91,Marketing,108398,2024-12-31
351,User351,52,89.74,Sales,70942,2025-06-06
352,User352,41,64.12,Engineering,108071,2024-10-21
353,User353,37,80.39,Marketing,80320,2024-10-30
354,User354,42,97.19,HR,81628,2025-01-20
355,User355,56,66.76,Engineering,55744,2025-04-06
356,User356,54,64.99,HR,59853,2025-06-02
357,User357,65,80.98,HR,103201,2024-11-19
358,User358,32,70.6,Marketing,50859,2025-01-09
359,User359,36,86.25,HR,101552,2025-01-17
360,User360,51,69.65,Marketing,75951,2025-05-26
361,User361,38,86.92,Sales,60539,2025-01-05
362,User362,25,87.05,Sales,93970,2024-12-04
363,User363,59,97.39,HR,43431,2025-06-17
364,User364,56,71.91,HR,81238,2025-03-17
365,User365,55,88.77,Engineering,111761,2025-05-06
366,User366,32,80.04,HR,46086,2024-12-16
367,User367,37,67.72,HR,95703,2025-09-02
368,User368,45,88.95,Sales,100983,2025-01-19
369,User369,36,91.97,Marketing,111031,2025-01-07
370,User370,43,90.36,HR,74176,2025-03-06
371,User371,56,95.95,HR,80976,2025-04-09
372,User372,55,92.07,HR,92407,2025-03-25
373,User373,37,73.83,HR,87140,2025-01-28
374,User374,31,86.97,Sales,61498,2025-07-09
375,User375,48,77.84,Marketing,60960,2025-05-16
376,User376,56,66.32,HR,58577,2025-08-21
377,User377,33,71.57,Marketing,74134,2025-04-17
378,User378,51,72.11,Sales,80991,2025-05-01
379,User379,62,88.61,Engineering,99251,2025-06-25
380,User380,44,84.14,HR,96587,2025-05-19
381,User381,47,78.88,Sales,60832,2025-02-22
382,User382,59,90.39,Marketing,87886,2025-07-21
383,User383,46,97.98,Marketing,91443,2025-02-21
384,User384,21,71.43,HR,115797,2025-06-29
385,User385,63,96.52,Marketing,92060,2025-09-04
386,User386,26,60.81,Engineering,86308,2024-11-17
387,User387,40,91.71,Sales,79717,2025-03-22
388,User388,58,85.13,Engineering,72956,2025-04-19
389,User389,62,76.6,Marketing,52605,2025-03-24
390,User390,41,65.16,Engineering,95555,2025-09-13
391,User391,35,84.73,Sales,83661,2025-06-08
392,User392,28,92.56,Sales,107207,2025-07-19
393,User393,23,61.46,Marketing,52612,2025-02-15
394,User394,60,68.47,Marketing,117074,2025-01-07
395,User395,31,71.64,Engineering,77937,2024-10-29
396,User396,61,89.39,Sales,89926,2025-04-04
397,User397,24,88.63,Sales,96400,2025-06-14
398,User398,65,97.12,Sales,47953,2025-09-24
399,User399,62,91.52,Engineering,102260,2025-05-19
400,User400,42,76.72,HR,58195,2025-02-05
401,User401,32,83.65,Sales,85731,2025-05-13
402,User402,32,81.69,Marketing,53222,2025-07-23
403,User403,26,63.68,Sales,97413,2025-06-08
404,User404,39,76.35,HR,94432,2025-05-09
405,User405,24,69.03,Marketing,62070,2025-09-28
406,User406,63,76.69,Sales,98593,2025-08-02
407,User407,27,97.64,Marketing,55030,2025-07-03
408,User408,20,60.96,Marketing,74699,2025-08-24
409,User409,34,97.2,Marketing,113044,2025-01-28
410,User410,47,81.6,Marketing,100685,2024-10-23
411,User411,64,85.38,Sales,118605,2025-05-11
412,User412,57,93.14,HR,61232,2025-04-05
413,User413,35,99.41,Engineering,92237,2024-10-11
414,User414,60,75.64,Marketing,75709,2025-05-29
415,User415,60,73.2,Marketing,115541,2025-05-16
416,User416,53,65.1,Engineering,65973,2024-11-07
417,User417,45,80.56,Marketing,75595,2025-02-15
418,User418,57,87.62,HR,104242,2024-10-18
419,User419,49,75.63,Sales,118963,2024-10-05
420,User420,63,76.93,Marketing,50320,2025-09-04
421,User421,35,89.75,Sales,91946,2024-12-08
422,User422,64,60.36,HR,83839,2025-07-13
423,User423,55,94.81,Marketing,61651,2025-06-29
424,User424,52,66.33,Marketing,60995,2024-10-25
425,User425,45,70.42,Sales,116795,2024-10-02
426,User426,56,88.35,Engineering,72315,2025-09-07
427,User427,48,90.34,HR,112668,2024-12-28
428,User428,35,92.72,HR,56299,2025-09-06
429,User429,26,90.5,HR,94385,2024-10-18
430,User430,48,86.76,Sales,41091,2024-10-07
431,User431,46,80.54,Engineering,109186,2025-09-10
432,User432,32,73.14,HR,50404,2024-12-30
433,User433,62,84.32,HR,68265,2025-01-06
434,User434,54,60.69,Engineering,61551,2025-04-07
435,User435,41,78.91,Sales,81682,2024-10-24
436,User436,24,83.35,Sales,92767,2024-10-16
437,User437,32,81.09,Marketing,88354,2025-02-27
438,User438,38,61.54,HR,114946,2025-08-03
439,User439,30,79.82,HR,42543,2025-09-27
440,User440,24,87.84,HR,98512,2024-11-20
441,User441,37,74.19,Sales,93030,2025-09-29
442,User442,44,84.84,Engineering,42984,2025-02-02
443,User443,36,96.15,Sales,118910,2024-11-23
444,User444,58,78.55,Marketing,89716,2025-09-07
445,User445,27,96.31,Engineering,84540,2025-05-08
446,User446,53,76.66,HR,96915,2025-08-21
447,User447,60,99.02,Sales,114472,2025-07-16
448,User448,28,61.5,HR,101467,2025-05-01
449,User449,29,82.26,Marketing,90585,2024-12-25
450,User450,56,68.36,Sales,100952,2025-08-25
451,User451,55,87.11,Sales,106384,2025-05-17
452,User452,28,83.7,Engineering,98285,2024-11-14
453,User453,24,66.26,HR,71788,2025-03-24
454,User454,62,92.15,Marketing,47667,2025-09-01
455,User455,22,99.0,Engineering,45486,2024-12-12
456,User456,62,67.37,Sales,70142,2025-06-24
457,User457,26,68.57,HR,117613,2025-02-17
458,User458,55,87.94,HR,79851,2025-09-21
459,User459,45,92.39,Marketing,110728,2024-10-30
460,User460,51,72.53,Engineering,61876,2025-08-11
461,User461,62,90.55,Sales,51538,2025-06-08
462,User462,42,91.48,Marketing,65099,2024-11-25
463,User463,49,93.17,Engineering,96072,2025-09-09
464,User464,30,61.64,Engineering,44764,2024-10-07
465,User465,48,69.4,Marketing,94713,2025-09-08
466,User466,61,64.55,HR,59199,2025-07-22
467,User467,28,94.74,Engineering,54253,2025-04-19
468,User468,59,78.26,HR,84360,2025-02-03
469,User469,60,93.7,Engineering,74236,2025-01-09
470,User470,31,90.51,Sales,112774,2025-09-22
471,User471,57,70.03,Engineering,68052,2025-01-11
472,User472,39,90.85,Engineering,73932,2025-06-20
473,User473,34,78.72,Engineering,98295,2024-11-29
474,User474,55,75.49,Marketing,60096,2025-08-24
475,User475,56,92.15,Marketing,63947,2025-06-15
476,User476,40,79.55,HR,63479,2024-12-15
477,User477,49,65.14,Marketing,87791,2025-08-21
478,User478,23,74.94,HR,42296,2024-11-23
479,User479,36,85.96,Marketing,86380,2025-08-07
480,User480,53,61.75,Sales,40066,2025-03-30
481,User481,53,74.49,HR,85623,2025-09-12
482,User482,31,89.74,Marketing,57038,2025-08-17
483,User483,48,77.28,Engineering,66935,2025-03-02
484,User484,28,97.63,HR,106169,2025-05-21
485,User485,22,78.59,Sales,43403,2025-05-12
486,User486,60,77.32,Engineering,79787,2025-05-19
487,User487,50,80.27,Engineering,85072,2024-11-21
488,User488,59,83.55,Sales,119419,2025-05-12
489,User489,46,72.27,Engineering,77112,2025-04-20
490,User490,22,95.19,Marketing,75845,2024-12-03
491,User491,26,75.7,Engineering,53396,2025-05-15
492,User492,34,61.15,Marketing,95462,2025-09-21
493,User493,55,75.43,HR,104040,2024-12-09
494,User494,65,78.43,Engineering,81506,2025-02-08
495,User495,26,74.42,Engineering,93862,2025-07-14
496,User496,57,90.72,Marketing,56867,2025-04-01
497,User497,35,95.67,HR,51241,2025-01-15
498,User498,47,75.4,Engineering,62254,2025-09-26
499,User499,58,68.59,HR,64619,2025-03-07
500,User500,37,68.46,HR,42720,2025-07-22
501,User501,41,62.26,Marketing,65912,2025-01-16
502,User502,49,68.73,Engineering,105559,2025-04-03
503,User503,22,85.59,Marketing,101485,2025-08-15
504,User504,26,72.69,HR,91372,2025-03-05
505,User505,40,87.14,HR,115299,2025-04-02
506,User506,42,92.29,Engineering,64670,2025-01-21
507,User507,28,70.13,Marketing,42027,2024-12-30
508,User508,46,63.07,Sales,109184,2025-09-15
509,User509,23,91.51,Engineering,69080,2025-09-18
510,User510,60,91.52,Engineering,52602,2025-02-22
511,User511,49,77.75,Sales,115883,2025-03-05
512,User512,56,90.94,Sales,112987,2025-02-26
513,User513,48,97.31,Marketing,78430,2025-06-11
514,User514,51,67.78,Sales,80822,2025-04-05
515,User515,24,89.07,Sales,59831,2025-09-15
516,User516,47,80.66,Engineering,90816,2025-02-18
517,User517,63,78.1,HR,66926,2025-05-23
518,User518,27,86.23,HR,53119,2025-05-07
519,User519,65,92.34,Sales,91822,2025-04-19
520,User520,64,75.63,Engineering,111947,2025-09-12
521,User521,35,91.35,Marketing,116818,2025-07-30
522,User522,44,72.17,Engineering,82157,2025-09-23
523,User523,51,95.28,Engineering,93713,2025-04-29
524,User524,38,77.35,HR,67896,2025-06-15
525,User525,47,67.63,Sales,57467,2024-12-24
526,User526,23,63.71,Sales,76629,2025-03-17
527,User527,38,71.63,HR,66176,2025-05-04
528,User528,52,88.15,Sales,63969,2025-04-05
529,User529,61,89.96,Marketing,64995,2025-09-06
530,User530,29,97.66,Engineering,106562,2025-05-07
531,User531,39,82.19,Engineering,115046,2025-02-18
532,User532,29,84.84,Sales,49293,2025-02-11
533,User533,34,74.16,HR,68172,2025-03-06
534,User534,35,85.96,Sales,51393,2025-08-22
535,User535,34,86.66,Marketing,113445,2025-07-24
536,User536,39,72.38,HR,75294,2025-04-19
537,User537,21,94.45,Engineering,53886,2025-08-08
538,User538,48,92.36,Engineering,83920,2025-08-29
539,User539,55,73.46,Engineering,76753,2025-01-28
540,User540,56,80.37,Marketing,47353,2025-04-03
541,User541,20,72.84,Engineering,44935,2024-11-26
542,User542,59,99.84,Sales,54276,2025-07-29
543,User543,50,77.48,Engineering,60854,2024-12-23
544,User544,51,81.92,HR,52641,2024-12-12
545,User545,55,78.86,Sales,87282,2025-06-22
546,User546,65,93.99,Sales,47087,2025-06-09
547,User547,59,68.05,Marketing,40480,2025-04-03
548,User548,47,70.44,HR,60025,2024-11-22
549,User549,35,61.97,Engineering,52103,2024-11-10
550,User550,51,98.93,Sales,49360,2024-10-09
551,User551,36,73.03,Marketing,97555,2025-02-14
552,User552,56,75.08,Sales,43688,2025-06-24
553,User553,22,93.39,Engineering,83776,2025-03-22
554,User554,31,81.6,HR,114071,2025-02-05
555,User555,50,89.27,HR,51746,2025-09-27
556,User556,41,93.03,Engineering,70149,2024-10-13
557,User557,50,87.52,Marketing,118609,2025-07-19
558,User558,62,91.71,Marketing,119660,2025-05-06
559,User559,27,78.91,Engineering,86436,2024-12-11
560,User560,54,66.4,HR,52016,2025-02-08
561,User561,55,86.56,Marketing,68709,2025-09-19
562,User562,31,75.99,HR,71750,2025-02-02
563,User563,37,91.71,Sales,65834,2025-03-22
564,User564,36,98.11,Marketing,51305,2024-11-09
565,User565,56,93.63,Marketing,101119,2025-04-20
566,User566,25,90.14,Sales,91927,2025-07-05
567,User567,52,97.0,Marketing,80330,2025-03-06
568,User568,33,64.88,HR,68073,2025-08-09
569,User569,28,85.01,Engineering,100501,2025-09-24
570,User570,48,76.35,HR,58204,2025-04-20
571,User571,38,88.94,Engineering,61876,2025-08-03
572,User572,30,73.94,Marketing,111490,2025-01-15
573,User573,41,80.42,Sales,74614,2025-02-01
574,User574,51,62.0,Marketing,96289,2025-02-09
575,User575,37,86.46,Sales,116408,2025-08-23
576,User576,64,72.0,HR,80629,2024-10-04
577,User577,37,77.6,Sales,100129,2025-03-28
578,User578,25,71.72,Marketing,62969,2024-10-12
579,User579,47,94.31,Marketing,101490,2024-10-07
580,User580,63,69.2,Engineering,51718,2024-10-11
581,User581,21,96.51,Engineering,108731,2025-01-17
582,User582,38,78.37,Sales,97695,2025-08-27
583,User583,21,79.79,Engineering,73405,2025-09-10
584,User584,55,66.06,Engineering,116606,2025-06-23
585,User585,58,76.2,Marketing,78520,2025-05-10
586,User586,29,74.34,Engineering,85566,2025-05-16
587,User587,53,61.91,HR,92211,2025-03-30
588,User588,46,67.27,Engineering,92544,2025-06-16
589,User589,65,64.64,Marketing,103924,2025-07-11
590,User590,48,71.54,Marketing,57901,2024-12-30
591,User591,44,99.94,Engineering,57914,2024-12-22
592,User592,65,84.02,Engineering,57420,2024-12-08
593,User593,20,64.35,Marketing,51330,2024-12-22
594,User594,41,92.31,Engineering,100802,2025-08-28
595,User595,24,79.39,Sales,89199,2024-11-22
596,User596,64,64.85,Sales,49336,2025-08-30
597,User597,53,66.2,HR,90534,2025-08-26
598,User598,60,96.52,HR,41369,2025-04-12
599,User599,45,92.03,Engineering,74419,2024-10-20
600,User600,63,84.55,Sales,99525,2025-03-01
601,User601,26,92.77,Engineering,89626,2024-10-26
602,User602,47,72.54,HR,114409,2025-03-01
603,User603,64,60.65,HR,53249,2025-04-21
604,User604,65,93.44,Marketing,43029,2025-01-23
605,User605,22,92.33,Engineering,72798,2024-12-19
606,User606,48,96.85,Marketing,96116,2025-03-27
607,User607,38,76.32,Engineering,42749,2025-01-01
608,User608,29,71.7,HR,71556,2025-03-01
609,User609,33,68.51,Engineering,116691,2025-08-16
610,User610,42,71.88,Marketing,100099,2025-07-16
611,User611,51,81.6,Engineering,91905,2024-11-11
612,User612,40,80.58,Engineering,95143,2025-01-23
613,User613,26,64.76,HR,72404,2024-09-30
614,User614,44,64.88,Marketing,100258,2025-05-20
615,User615,49,62.37,Sales,60076,2025-03-23
616,User616,53,93.77,Sales,100700,2024-11-18
617,User617,55,61.15,Marketing,117526,2025-07-03
618,User618,61,63.95,Engineering,55919,2025-04-19
619,User619,55,71.69,HR,113513,2025-01-20
620,User620,65,66.94,Marketing,82320,2025-04-04
621,User621,39,77.86,Sales,54351,2025-07-18
622,User622,34,86.35,Engineering,96159,2024-10-23
623,User623,25,63.6,Engineering,113401,2025-04-21
624,User624,29,97.9,Sales,78728,2025-08-14
625,User625,43,98.01,Marketing,74650,2025-05-24
626,User626,20,76.57,Engineering,83473,2024-10-27
627,User627,48,64.04,Marketing,80299,2024-10-26
628,User628,27,99.19,Sales,101777,2025-06-29
629,User629,56,95.03,HR,107689,2025-07-01
630,User630,43,95.83,Marketing,116189,2025-09-06
631,User631,59,81.63,Engineering,51628,2025-07-10
632,User632,23,85.32,Engineering,107005,2025-02-10
633,User633,58,82.4,Engineering,87327,2025-08-21
634,User634,37,67.79,Marketing,54798,2025-03-06
635,User635,60,84.96,Sales,69160,2025-05-01
636,User636,52,69.99,Sales,74533,2024-12-08
637,User637,54,63.4,Marketing,63356,2025-08-21
638,User638,55,77.34,Engineering,71281,2025-02-20
639,User639,34,63.08,HR,63306,2024-11-21
640,User640,45,74.35,Sales,86637,2025-03-27
641,User641,60,72.76,Marketing,113089,2025-05-01
642,User642,58,90.85,Engineering,62106,2024-10-05
643,User643,49,77.7,Engineering,97448,2025-08-03
644,User644,53,62.38,HR,92482,2025-03-03
645,User645,32,89.35,Engineering,56518,2025-04-03
646,User646,37,91.94,Marketing,80679,2025-07-27
647,User647,40,60.72,HR,45231,2025-02-24
648,User648,22,76.68,Marketing,46056,2025-05-15
649,User649,37,83.09,Marketing,46903,2025-01-30
650,User650,29,76.66,HR,61914,2025-01-18
651,User651,30,81.89,HR,77498,2025-06-22
652,User652,50,79.49,Marketing,94702,2025-05-09
653,User653,54,69.97,Engineering,95241,2025-03-30
654,User654,24,89.96,Sales,74762,2025-03-18
655,User655,65,67.07,Marketing,88055,2024-12-12
656,User656,26,79.63,HR,60993,2025-02-20
657,User657,49,62.58,HR,105667,2024-11-05
658,User658,20,79.85,Marketing,106926,2025-07-27
659,User659,31,79.72,Sales,73639,2024-10-29
660,User660,59,81.45,HR,110196,2025-05-15
661,User661,23,99.02,Engineering,99910,2025-03-06
662,User662,38,86.89,Marketing,71934,2025-04-12
663,User663,61,64.96,Marketing,116526,2025-06-25
664,User664,64,79.9,Engineering,52033,2025-06-27
665,User665,42,87.4,Sales,87633,2024-11-11
666,User666,24,76.56,Sales,87808,2025-04-21
667,User667,32,78.07,HR,68991,2025-03-19
668,User668,23,78.38,HR,85106,2024-12-30
669,User669,36,74.49,Sales,82888,2025-01-13
670,User670,25,68.95,Marketing,53477,2025-05-14
671,User671,22,79.39,Engineering,64682,2025-03-25
672,User672,35,98.06,Sales,74775,2024-10-04
673,User673,46,83.2,Engineering,72110,2025-04-17
674,User674,49,93.41,HR,119294,2024-10-31
675,User675,51,81.55,Marketing,48730,2025-08-07
676,User676,58,65.93,Sales,80335,2025-01-20
677,User677,25,96.65,Marketing,41424,2025-06-21
678,User678,36,81.33,HR,61597,2025-04-09
679,User679,26,78.67,Marketing,118753,2025-08-09
680,User680,60,85.67,HR,73119,2025-06-19
681,User681,49,72.93,Marketing,118025,2025-08-30
682,User682,31,76.25,Marketing,40430,2025-01-23
683,User683,56,76.0,Sales,110770,2025-08-01
684,User684,52,85.57,Engineering,118125,2024-10-02
685,User685,50,64.11,Sales,95152,2024-11-13
686,User686,51,91.39,HR,79625,2025-01-14
687,User687,43,88.58,Engineering,106225,2025-03-18
688,User688,25,94.64,Engineering,94482,2025-04-07
689,User689,39,97.71,Sales,105101,2024-12-31
690,User690,60,73.31,Marketing,63672,2025-05-30
691,User691,40,62.74,Engineering,109112,2025-05-31
692,User692,34,62.77,Sales,72913,2025-06-28
693,User693,35,86.3,Marketing,117461,2024-12-18
694,User694,59,94.2,HR,71676,2024-10-20
695,User695,59,69.03,Sales,66909,2025-01-07
696,User696,44,74.29,Engineering,65621,2025-08-11
697,User697,27,91.55,Sales,74084,2025-04-23
698,User698,63,74.65,HR,69203,2025-08-12
699,User699,61,62.75,Sales,43783,2025-05-31
700,User700,30,75.74,HR,111935,2025-02-10
701,User701,65,75.43,Sales,53454,2025-01-15
702,User702,52,60.83,Marketing,87721,2025-08-16
703,User703,32,95.55,Sales,51937,2024-10-14
704,User704,41,80.16,Sales,75685,2024-10-17
705,User705,48,91.39,Sales,81926,2025-03-10
706,User706,41,79.4,Sales,45695,2025-06-08
707,User707,64,78.95,Engineering,111980,2024-12-24
708,User708,35,87.88,Marketing,44772,2024-12-07
709,User709,29,64.22,Sales,111524,2025-03-20
710,User710,22,75.82,HR,84781,2025-03-15
711,User711,45,62.89,Sales,65038,2025-09-17
712,User712,30,94.16,Sales,116520,2025-03-31
713,User713,49,81.68,Marketing,59988,2025-08-12
714,User714,52,98.28,Marketing,106835,2025-06-05
715,User715,45,93.84,Engineering,113396,2025-08-16
716,User716,64,94.06,Engineering,47331,2025-05-12
717,User717,63,66.46,Marketing,74682,2025-07-27
718,User718,30,65.37,Sales,68656,2024-12-17
719,User719,53,82.1,Sales,40388,2025-08-02
720,User720,29,86.34,Marketing,112525,2025-08-23
721,User721,64,91.68,Marketing,70345,2025-01-14
722,User722,36,80.37,HR,109506,2025-05-06
723,User723,34,63.59,HR,79278,2025-02-13
724,User724,58,60.75,HR,107703,2024-12-15
725,User725,31,84.12,Marketing,118666,2025-04-05
726,User726,50,82.19,Marketing,102121,2025-01-30
727,User727,36,69.01,Engineering,72856,2025-08-27
728,User728,44,99.71,Marketing,49493,2025-03-21
729,User729,31,88.83,Engineering,84780,2025-08-24
730,User730,36,97.3,HR,44860,2025-07-06
731,User731,53,71.74,HR,74797,2024-11-30
732,User732,41,67.83,Marketing,71492,2025-01-13
733,User733,45,77.58,Sales,111509,2025-01-13
734,User734,30,92.24,Sales,92653,2025-01-11
735,User735,62,80.76,HR,85792,2024-10-12
736,User736,61,99.78,HR,56780,2024-10-21
737,User737,45,60.46,Engineering,92064,2024-10-14
738,User738,24,63.25,Marketing,107752,2025-07-25
739,User739,54,79.99,Engineering,94310,2025-04-23
740,User740,36,87.01,Engineering,64388,2025-07-27
741,User741,25,89.95,Marketing,48732,2025-01-20
742,User742,31,70.87,Sales,113977,2024-11-03
743,User743,51,75.21,Sales,76638,2025-07-06
744,User744,41,87.09,HR,118964,2025-03-23
745,User745,31,66.91,Sales,62094,2025-05-05
746,User746,51,60.32,Marketing,98816,2025-01-14
747,User747,52,77.26,Marketing,41370,2025-01-19
748,User748,51,91.48,HR,105113,2025-02-22
749,User749,43,64.01,Sales,109355,2025-05-24
750,User750,35,83.73,HR,64045,2025-01-18
751,User751,28,75.84,HR,119046,2025-03-06
752,User752,49,80.99,Engineering,86010,2025-05-19
753,User753,29,81.06,Engineering,108214,2025-08-07
754,User754,43,80.15,Marketing,54126,2024-10-10
755,User755,46,89.0,HR,96338,2025-01-31
756,User756,25,97.7,Engineering,40522,2025-09-26
757,User757,21,92.73,Marketing,60722,2025-06-13
758,User758,47,69.96,Sales,59276,2024-12-10
759,User759,60,88.22,Sales,113481,2025-09-18
760,User760,26,81.51,Engineering,115525,2025-04-05
761,User761,64,78.36,Engineering,44630,2025-07-03
762,User762,57,98.41,Engineering,54324,2024-12-01
763,User763,55,94.62,Sales,62320,2025-04-28
764,User764,35,84.12,Marketing,101240,2024-11-25
765,User765,65,77.84,HR,117273,2025-02-26
766,User766,35,86.77,Sales,91514,2024-12-03
767,User767,65,81.09,Engineering,41168,2025-09-27
768,User768,44,93.69,HR,56884,2025-06-07
769,User769,48,68.82,HR,86566,2025-08-23
770,User770,24,63.12,Engineering,78746,2025-09-03
771,User771,35,60.8,Marketing,51369,2025-08-28
772,User772,36,81.74,HR,78982,2025-01-03
773,User773,56,93.56,Sales,83160,2025-06-27
774,User774,24,60.74,Sales,105302,2025-09-03
775,User775,40,65.3,Engineering,76417,2025-02-05
776,User776,41,86.07,Engineering,65155,2025-08-28
777,User777,60,85.79,Engineering,90448,2025-06-20
778,User778,22,62.08,Marketing,90068,2024-12-24
779,User779,47,93.7,Marketing,75261,2024-10-13
780,User780,32,65.15,Marketing,61911,2025-06-18
781,User781,48,95.44,Marketing,87681,2025-06-20
782,User782,62,83.94,Marketing,101532,2025-04-04
783,User783,64,62.87,Marketing,115459,2025-02-16
784,User784,29,70.58,Marketing,110277,2024-11-16
785,User785,47,65.43,HR,95267,2025-01-31
786,User786,47,80.75,Engineering,103414,2024-12-24
787,User787,37,74.24,Sales,110326,2025-05-04
788,User788,31,72.94,Sales,104661,2025-02-02
789,User789,62,71.86,Engineering,47928,2025-06-07
790,User790,45,74.41,Engineering,78273,2025-06-03
791,User791,60,66.94,Marketing,63813,2024-12-27
792,User792,25,74.48,Sales,63733,2024-12-16
793,User793,39,87.33,HR,78026,2024-10-30
794,User794,40,87.15,Marketing,96885,2025-06-08
795,User795,21,62.47,Sales,48044,2025-06-20
796,User796,46,85.7,Engineering,58951,2024-10-05
797,User797,51,85.79,Sales,95773,2025-03-15
798,User798,39,64.53,Sales,57360,2025-09-20
799,User799,32,62.76,Sales,51949,2025-03-06
800,User800,32,62.17,Engineering,81619,2025-06-09
801,User801,22,74.01,Marketing,56964,2025-06-06
802,User802,43,75.57,HR,100381,2025-06-25
803,User803,41,69.12,Marketing,75139,2025-04-14
804,User804,20,86.17,Marketing,87437,2024-10-02
805,User805,50,93.26,Sales,65935,2024-10-08
806,User806,21,60.4,Engineering,51205,2024-11-05
807,User807,58,85.46,Engineering,86227,2024-11-26
808,User808,59,95.19,HR,43707,2024-11-28
809,User809,32,63.9,Sales,87266,2025-04-23
810,User810,28,70.92,Sales,46463,2025-07-20
811,User811,30,74.75,Marketing,55059,2025-03-30
812,User812,37,81.15,Sales,109513,2025-07-29
813,User813,44,60.48,Engineering,72638,2025-08-29
814,User814,33,71.05,Marketing,78660,2025-01-11
815,User815,34,90.89,Marketing,107571,2025-02-15
816,User816,31,78.24,Marketing,99667,2024-12-07
817,User817,38,79.63,HR,77033,2025-09-03
818,User818,52,95.06,Marketing,82867,2025-03-09
819,User819,35,66.28,Sales,48116,2025-07-10
820,User820,52,95.55,Marketing,98385,2025-04-01
821,User821,41,67.34,Marketing,48564,2025-01-17
822,User822,26,81.33,Marketing,64267,2024-10-03
823,User823,44,76.65,Engineering,106533,2025-01-28
824,User824,49,64.77,Engineering,84885,2024-09-30
825,User825,47,66.02,Sales,98459,2025-03-16
826,User826,31,69.23,Engineering,64963,2025-07-09
827,User827,30,69.16,Engineering,46008,2024-10-04
828,User828,57,66.63,HR,109480,2025-02-13
829,User829,53,84.25,Marketing,44795,2025-08-28
830,User830,20,64.84,Sales,59029,2025-04-08
831,User831,38,66.78,Marketing,89102,2025-05-06
832,User832,20,90.89,Marketing,87089,2025-01-12
833,User833,54,95.15,HR,80213,2025-04-13
834,User834,39,61.9,Marketing,79616,2025-05-20
835,User835,36,84.27,HR,50402,2024-10-24
836,User836,51,72.51,Sales,45126,2025-01-20
837,User837,29,71.6,Sales,56875,2025-03-09
838,User838,59,86.7,Engineering,78894,2025-09-01
839,User839,30,79.6,Marketing,89192,2025-02-06
840,User840,45,71.13,Sales,50736,2025-01-21
841,User841,32,84.83,Marketing,84583,2025-07-14
842,User842,65,95.37,HR,87133,2025-03-12
843,User843,52,60.03,Engineering,78479,2024-11-26
844,User844,36,82.42,Sales,43691,2025-04-16
845,User845,31,65.89,HR,67970,2025-09-27
846,User846,56,69.26,Engineering,77207,2025-08-25
847,User847,30,71.79,Sales,63085,2024-12-20
848,User848,33,70.45,Sales,69747,2024-10-23
849,User849,32,76.68,Engineering,68571,2025-04-23
850,User850,22,81.21,Marketing,71056,2025-05-02
851,User851,58,62.59,Sales,78755,2025-09-20
852,User852,54,62.68,Engineering,98458,2025-03-27
853,User853,21,82.33,Sales,91358,2025-07-25
854,User854,43,61.51,HR,45431,2025-09-10
855,User855,53,78.84,Sales,83706,2024-09-30
856,User856,58,91.02,HR,88878,2025-01-26
857,User857,57,91.53,Sales,113594,2025-02-15
858,User858,48,68.32,Marketing,114617,2025-06-21
859,User859,32,62.24,HR,72324,2024-10-27
860,User860,34,73.7,HR,69195,2024-12-11
861,User861,58,68.05,HR,76513,2025-07-25
862,User862,48,99.95,Marketing,66315,2025-03-02
863,User863,20,87.38,Sales,85855,2025-08-20
864,User864,41,83.16,Marketing,76420,2025-03-03
865,User865,50,71.84,Sales,112697,2024-11-04
866,User866,40,63.21,Sales,82902,2025-06-19
867,User867,22,88.09,Marketing,74675,2024-10-14
868,User868,21,62.67,Marketing,86140,2025-07-20
869,User869,23,83.93,Engineering,49205,2025-02-13
870,User870,32,81.01,HR,65861,2025-02-03
871,User871,62,86.85,Marketing,109888,2025-07-27
872,User872,53,63.15,Marketing,50539,2025-01-11
873,User873,28,97.0,Sales,59779,2025-07-18
874,User874,56,64.05,Sales,82106,2024-10-21
875,User875,27,98.88,HR,111181,2025-09-22
876,User876,62,61.34,Sales,92619,2025-05-04
877,User877,27,85.35,HR,103195,2025-04-20
878,User878,25,97.32,Sales,52052,2024-11-13
879,User879,51,96.72,Sales,68445,2025-07-12
880,User880,52,78.65,HR,71013,2024-10-30
881,User881,24,80.71,HR,94403,2025-05-26
882,User882,60,80.39,HR,111638,2025-07-19
883,User883,39,82.72,Sales,84073,2025-06-19
884,User884,28,76.49,HR,107159,2025-08-06
885,User885,39,94.7,Marketing,96925,2025-03-29
886,User886,31,94.46,Engineering,71140,2025-08-09
887,User887,43,84.19,HR,85629,2025-06-01
888,User888,60,64.1,Marketing,105882,2025-02-03
889,User889,54,61.5,HR,48481,2025-01-13
890,User890,30,87.75,HR,105143,2024-11-12
891,User891,52,95.19,Marketing,114207,2024-10-26
892,User892,25,71.31,Sales,64296,2025-06-17
893,User893,56,60.16,Sales,56989,2025-01-28
894,User894,23,92.32,Sales,117970,2024-12-23
895,User895,48,82.54,HR,70557,2025-03-17
896,User896,21,67.92,Marketing,108080,2025-04-10
897,User897,58,90.51,Engineering,88204,2025-06-05
898,User898,28,80.74,Engineering,94405,2025-07-29
899,User899,23,87.23,Engineering,58036,2025-06-11
900,User900,24,80.96,Sales,82484,2025-08-23
901,User901,49,72.47,Sales,100518,2025-01-04
902,User902,20,80.34,Engineering,74578,2025-08-10
903,User903,60,96.48,HR,68862,2025-05-15
904,User904,55,77.01,Engineering,54917,2025-02-06
905,User905,59,74.49,HR,117884,2025-05-24
906,User906,32,69.31,Sales,100983,2025-01-28
907,User907,51,96.86,HR,97028,2025-04-07
908,User908,20,96.3,Marketing,65560,2025-02-17
909,User909,30,87.11,Marketing,41616,2025-02-22
910,User910,33,79.22,Engineering,112961,2024-11-16
911,User911,65,86.5,Marketing,83217,2024-11-01
912,User912,30,91.19,HR,71582,2024-11-24
913,User913,58,90.39,Marketing,64720,2025-01-12
914,User914,48,63.33,HR,98521,2025-08-03
915,User915,30,84.98,HR,42490,2025-07-09
916,User916,55,99.24,Engineering,75785,2024-10-20
917,User917,37,69.41,Marketing,66057,2025-01-02
918,User918,65,95.78,Sales,73991,2024-10-24
919,User919,63,77.49,Engineering,95452,2025-05-18
920,User920,60,66.23,Engineering,117393,2025-08-05
921,User921,49,84.97,Engineering,81349,2025-02-22
922,User922,60,93.24,HR,40794,2025-03-06
923,User923,44,94.46,Marketing,79907,2025-02-01
924,User924,46,83.43,Engineering,53968,2025-05-07
925,User925,47,93.7,Sales,84441,2025-07-13
926,User926,25,85.84,Engineering,67177,2025-04-13
927,User927,59,62.55,HR,87633,2025-08-09
928,User928,57,92.96,HR,52655,2025-06-30
929,User929,45,82.25,HR,90617,2025-03-09
930,User930,28,61.7,HR,63492,2025-09-06
931,User931,21,78.74,HR,77121,2025-03-09
932,User932,35,82.27,Marketing,104684,2025-06-28
933,User933,34,82.13,Sales,100650,2025-05-21
934,User934,59,85.98,HR,87087,2024-10-06
935,User935,50,85.78,Engineering,115601,2025-08-28
936,User936,58,81.4,HR,45958,2024-12-12
937,User937,51,82.89,Engineering,76368,2025-06-07
938,User938,33,97.35,Marketing,75571,2024-12-25
939,User939,33,87.92,HR,43699,2025-04-12
940,User940,20,67.28,Marketing,107542,2025-02-14
941,User941,24,83.79,Engineering,96611,2024-12-22
942,User942,26,62.22,HR,83277,2024-10-27
943,User943,45,65.38,Engineering,80855,2025-06-08
944,User944,53,78.9,Marketing,117205,2025-03-05
945,User945,28,60.36,Engineering,73024,2024-10-19
946,User946,30,98.95,Marketing,94948,2025-03-29
947,User947,61,90.09,Sales,58764,2025-06-18
948,User948,42,69.18,HR,44024,2025-09-02
949,User949,57,62.68,Marketing,45623,2025-05-18
950,User950,20,90.82,Engineering,117498,2024-11-21
951,User951,42,73.46,Sales,74636,2025-09-11
952,User952,20,82.47,Engineering,84557,2024-12-12
953,User953,63,70.65,Sales,87712,2025-06-16
954,User954,49,87.64,Sales,105840,2025-08-10
955,User955,62,60.92,Engineering,111505,2025-03-27
956,User956,51,98.64,HR,51582,2025-08-16
957,User957,35,67.6,Engineering,72521,2024-11-17
958,User958,27,82.92,Marketing,48739,2025-07-16
959,User959,23,62.74,Sales,41231,2025-05-27
960,User960,35,71.4,Marketing,113267,2025-04-06
961,User961,20,80.4,Marketing,65354,2024-12-04
962,User962,38,91.17,Engineering,87426,2024-10-26
963,User963,23,88.69,Sales,82402,2025-08-17
964,User964,42,88.28,HR,54731,2025-06-04
965,User965,22,97.64,Sales,118926,2024-12-11
966,User966,56,89.52,Marketing,89706,2025-06-24
967,User967,42,74.3,HR,89783,2024-10-05
968,User968,35,61.95,HR,80864,2025-07-14
969,User969,63,99.6,HR,92711,2025-03-13
970,User970,31,93.39,Sales,45369,2025-07-22
971,User971,33,62.23,Engineering,80673,2025-05-30
972,User972,29,86.42,Marketing,115037,2024-11-14
973,User973,32,86.2,HR,49372,2024-12-17
974,User974,54,85.12,Engineering,52450,2025-04-17
975,User975,23,62.4,Marketing,85107,2025-07-23
976,User976,60,85.29,Marketing,62881,2024-11-01
977,User977,57,94.83,Engineering,102838,2024-12-03
978,User978,34,87.53,Marketing,106251,2025-07-20
979,User979,24,84.88,Sales,68198,2024-10-19
980,User980,30,63.32,Marketing,98532,2025-06-15
981,User981,56,69.45,HR,84686,2025-08-29
982,User982,53,80.36,Marketing,60852,2025-02-25
983,User983,25,82.48,Sales,40508,2025-05-09
984,User984,22,61.62,Marketing,41338,2025-04-19
985,User985,23,89.84,Sales,111063,2025-01-20
986,User986,26,76.03,HR,64517,2025-05-05
987,User987,21,63.33,Sales,47016,2025-08-21
988,User988,30,70.12,Engineering,82330,2025-04-25
989,User989,52,65.24,Engineering,75034,2025-03-06
990,User990,53,64.62,HR,95855,2025-05-30
991,User991,39,83.85,HR,48018,2025-05-19
992,User992,39,89.76,Engineering,87018,2025-07-05
993,User993,21,65.83,HR,104077,2025-01-01
994,User994,62,91.94,HR,76775,2025-02-03
995,User995,62,64.37,Engineering,100570,2024-11-20
996,User996,53,86.07,HR,62056,2025-05-18
997,User997,58,83.91,Marketing,52756,2025-09-03
998,User998,64,92.18,Marketing,95772,2025-03-29
999,User999,56,90.05,HR,80814,2024-12-21
1000,User1000,49,82.32,Marketing,117478,2025-02-15
